{
    "Brushed H Al": [
        0.016567714908130363,
        0.9790662389489685,
        372.6094375966846
    ],
    "Brushed V Al": [
        0.010054643494083464,
        0.9731740689478912,
        40.568813838335764
    ],
    "Smooth Mylar": [
        0.0010331120854905613,
        0.08954598699542228,
        243.4908591067402
    ],
    "Crinkled Mylar Average": [
        0.008781231020660649,
        0.02487555408180501,
        34.682117250847796
    ],
    "Matte Solar Panel": [
        0.003818461969311279,
        0.005736307188809588,
        92.22532881252751
    ],
    "Black Anodised Al Brushed V": [
        0.012827141753898453,
        0.9944767282424666,
        137.12351275677852
    ],
    "Gloss Laminate on Black Background": [
        2.0885706770700573e-14,
        0.8136029254822952,
        999.9999997387534
    ],
    "Lambertian 20%": [
        0.2,
        0.0,
        1.0
    ]
}